Date,Time,Track ID,Track Name,Artist Name
2025-07-29,18:21:06,4U45aEWtQhrm8A5mxPaFZ7,Vienna,Billy Joel
2025-07-29,18:17:30,3qTNm4Mta37YmEcLeQcdw3,Oru Devathai,Yuvan Shankar Raja
2025-07-29,18:12:33,0FTmksd2dxiE5e3rWyJXs6,back to friends,sombr
2025-07-29,18:09:14,2MvvoeRt8NcOXWESkxWn3g,Ribs,Lorde
2025-07-29,18:04:54,3Tgv4rvWBVwnbmUTlJwzk0,Do I Wanna Know? - Live At the BBC,Hozier
2025-07-29,18:00:36,2RdEC8Ff83WkX7kDVCHseE,party 4 u,Charli xcx
2025-07-29,17:55:39,5CZ40GBx1sQ9agT82CLQCT,traitor,Olivia Rodrigo
2025-07-29,17:51:49,6K8VQ84MqhsoakN5MjrnVR,Supercut,Lorde
2025-07-29,17:47:11,7h6lpVuSGPW6RNjDXKpYDh,The Sound,The 1975
2025-07-29,17:43:01,09Z6o1yu596HJAwWZxTz4m,Othaiyadi Pathayila,Dhibu Ninan Thomas
2025-07-29,17:38:52,1jJci4qxiYcOHhQR247rEU,Kids,MGMT
2025-07-29,17:33:39,2DnJjbjNTV9Nd5NOa1KGba,You're So Vain,Carly Simon
2025-07-29,17:29:20,52ojopYMUzeNcudsoz7O9D,"New Person, Same Old Mistakes",Tame Impala
2025-07-29,17:23:16,3TgMcrV32NUKjEG2ujn9eh,It's Not Living (If It's Not With You),The 1975
2025-07-29,17:19:07,1fDsrQ23eTAVFElUMaf38X,American Pie,Don McLean
2025-07-29,17:03:15,14dJexYlvd3t3XAtD1pYW1,Oh Caroline,The 1975
2025-07-29,16:49:41,25FTMokYEbEWHEdss5JLZS,Teenage Dirtbag,Wheatus
2025-07-29,14:47:52,4U45aEWtQhrm8A5mxPaFZ7,Vienna,Billy Joel
2025-07-29,14:44:20,1JSTJqkT5qHq8MDJnJbRE1,Every Breath You Take,The Police
2025-07-29,14:24:29,7lnRiEP7BHXuILXNY9MH8f,Otha Sollaala,G. V. Prakash
2025-07-29,14:24:18,4G3Qh2Xsblt3d2vm6exYi5,Ovvundraai Thirudugiraai,D. Imman
2025-07-29,14:24:16,2eSrYpnCUjJmbVFR7A3nzZ,"Azhagiye (From ""Kaatru Veliyidai"")",A.R. Rahman
2025-07-29,14:24:16,5KZyOG8LZsBrHjuEdNyZHa,Omana Penne,A.R. Rahman
2025-07-29,14:24:16,6aQIGqAo9PxRKjUkhYtR6R,"Hayyoda (From ""Jawan"")",Anirudh Ravichander
2025-07-29,14:24:15,3mrFhHALZLJ4ZIEiS5IPy1,Endrendrum Punnagai,Srinivas
2025-07-29,14:24:15,3S4ELYAcxunw60elgJwAwn,Maalai Neram,G. V. Prakash
2025-07-29,14:24:15,0xttqqTj7ZAGyVkfOYxQ4F,Nee Paartha Vizhigal - The Touch of Love,Anirudh Ravichander
2025-07-29,14:24:15,24rXWAEjcsaZLgvt8xfrua,"Minnalgal Koothadum - From ""Polladhavan""",G. V. Prakash
2025-07-29,14:24:15,6qBLachpHaVUmpHKWyesmq,"Neeyum Naanum (From ""Naanum Rowdy Dhaan"")",Anirudh Ravichander
2025-07-29,14:24:15,1M2x5Qu14L6B3rHHq37EiN,Ennai Konjum,Timmy
2025-07-29,14:24:14,3cbNkWW8PShnP2CexDqOCP,Avalum Naanum,A.R. Rahman
2025-07-29,14:24:14,4tHdVbionAnDm4LN17MDIl,Kutti Story,Anirudh Ravichander
2025-07-29,14:24:14,42ON67EVCaJpihkP2U38n7,Saarattu Vandiyila,A.R. Rahman
2025-07-29,14:24:14,2o9vYhKmDkSwlEwZpfouFR,Kaatrai Konjam,Ilaiyaraaja
2025-07-29,14:24:13,2o9vYhKmDkSwlEwZpfouFR,Kaatrai Konjam,Ilaiyaraaja
2025-07-29,14:24:13,1QuZBM0iHDlr1oRVyeZypC,Anbil Avan,A.R. Rahman
2025-07-29,14:24:13,3cKMq4aFrfWV0DQzYbaxdi,Unnai Kaanadhu Naan,Shankar-Ehsaan-Loy
2025-07-29,14:24:12,3cKMq4aFrfWV0DQzYbaxdi,Unnai Kaanadhu Naan,Shankar-Ehsaan-Loy
2025-07-29,08:32:54,4AajxCEwGEsmHmT4H1TwjY,undressed,sombr
2025-07-29,08:29:40,2MvvoeRt8NcOXWESkxWn3g,Ribs,Lorde
2025-07-29,08:25:20,0FTmksd2dxiE5e3rWyJXs6,back to friends,sombr
2025-07-29,08:22:01,6SrvijeageGUiFu9iCDdmM,Me & You Together Song,The 1975
2025-07-29,08:18:34,3Tgv4rvWBVwnbmUTlJwzk0,Do I Wanna Know? - Live At the BBC,Hozier
2025-07-29,08:14:15,2RdEC8Ff83WkX7kDVCHseE,party 4 u,Charli xcx
2025-07-29,08:09:49,7h6lpVuSGPW6RNjDXKpYDh,The Sound,The 1975
2025-07-29,08:05:09,70C4NyhjD5OZUMzvWZ3njJ,Piano Man,Billy Joel
2025-07-29,07:59:29,1JSTJqkT5qHq8MDJnJbRE1,Every Breath You Take,The Police
2025-07-29,07:52:30,2DnJjbjNTV9Nd5NOa1KGba,You're So Vain,Carly Simon
2025-07-29,07:48:01,3qTNm4Mta37YmEcLeQcdw3,Oru Devathai,Yuvan Shankar Raja
2025-07-29,07:42:35,2fuYa3Lx06QQJAm0MjztKr,Let Down,Radiohead
2025-07-29,18:37:04,1BwhFXqoIsePt21WyWIttb,I Wanna Get Better,Bleachers
2025-07-29,18:33:42,56xHMIfQPoe0prrSi3BGhf,Can’t Catch Me Now - from The Hunger Games: The Ballad of Songbirds & Snakes,Olivia Rodrigo
2025-07-29,18:30:12,6SrvijeageGUiFu9iCDdmM,Me & You Together Song,The 1975
2025-07-29,18:26:49,70C4NyhjD5OZUMzvWZ3njJ,Piano Man,Billy Joel
2025-07-30,10:14:37,1JSTJqkT5qHq8MDJnJbRE1,Every Breath You Take,The Police
2025-07-30,09:45:34,0UOG0zUn7t8m8QcxfzR7AH,"Merry Christmas, Please Don't Call",Bleachers
2025-07-30,09:42:13,0UOG0zUn7t8m8QcxfzR7AH,"Merry Christmas, Please Don't Call",Bleachers
2025-07-30,09:38:49,0UOG0zUn7t8m8QcxfzR7AH,"Merry Christmas, Please Don't Call",Bleachers
2025-07-30,09:35:26,0UOG0zUn7t8m8QcxfzR7AH,"Merry Christmas, Please Don't Call",Bleachers
2025-07-30,09:32:04,0UOG0zUn7t8m8QcxfzR7AH,"Merry Christmas, Please Don't Call",Bleachers
2025-07-30,09:28:41,0UOG0zUn7t8m8QcxfzR7AH,"Merry Christmas, Please Don't Call",Bleachers
2025-07-30,09:25:19,0UOG0zUn7t8m8QcxfzR7AH,"Merry Christmas, Please Don't Call",Bleachers
2025-07-30,09:21:56,0UOG0zUn7t8m8QcxfzR7AH,"Merry Christmas, Please Don't Call",Bleachers
2025-07-30,09:18:33,0UOG0zUn7t8m8QcxfzR7AH,"Merry Christmas, Please Don't Call",Bleachers
2025-07-30,09:15:10,0UOG0zUn7t8m8QcxfzR7AH,"Merry Christmas, Please Don't Call",Bleachers
2025-07-30,09:11:48,0UOG0zUn7t8m8QcxfzR7AH,"Merry Christmas, Please Don't Call",Bleachers
2025-07-30,09:08:25,0UOG0zUn7t8m8QcxfzR7AH,"Merry Christmas, Please Don't Call",Bleachers
2025-07-30,09:05:02,0UOG0zUn7t8m8QcxfzR7AH,"Merry Christmas, Please Don't Call",Bleachers
2025-07-30,09:01:40,0UOG0zUn7t8m8QcxfzR7AH,"Merry Christmas, Please Don't Call",Bleachers
2025-07-30,08:58:17,0UOG0zUn7t8m8QcxfzR7AH,"Merry Christmas, Please Don't Call",Bleachers
2025-07-30,08:55:25,0UOG0zUn7t8m8QcxfzR7AH,"Merry Christmas, Please Don't Call",Bleachers
2025-07-30,08:51:32,0UOG0zUn7t8m8QcxfzR7AH,"Merry Christmas, Please Don't Call",Bleachers
2025-07-30,08:48:09,0UOG0zUn7t8m8QcxfzR7AH,"Merry Christmas, Please Don't Call",Bleachers
2025-07-30,08:44:47,0UOG0zUn7t8m8QcxfzR7AH,"Merry Christmas, Please Don't Call",Bleachers
2025-07-30,08:41:24,0UOG0zUn7t8m8QcxfzR7AH,"Merry Christmas, Please Don't Call",Bleachers
2025-07-30,08:38:01,0UOG0zUn7t8m8QcxfzR7AH,"Merry Christmas, Please Don't Call",Bleachers
2025-07-30,08:34:39,0UOG0zUn7t8m8QcxfzR7AH,"Merry Christmas, Please Don't Call",Bleachers
2025-07-30,08:31:20,0UOG0zUn7t8m8QcxfzR7AH,"Merry Christmas, Please Don't Call",Bleachers
2025-07-30,08:27:54,0UOG0zUn7t8m8QcxfzR7AH,"Merry Christmas, Please Don't Call",Bleachers
2025-07-30,08:24:31,0UOG0zUn7t8m8QcxfzR7AH,"Merry Christmas, Please Don't Call",Bleachers
2025-07-30,08:21:09,0UOG0zUn7t8m8QcxfzR7AH,"Merry Christmas, Please Don't Call",Bleachers
2025-07-30,08:17:46,0UOG0zUn7t8m8QcxfzR7AH,"Merry Christmas, Please Don't Call",Bleachers
2025-07-30,08:14:23,0UOG0zUn7t8m8QcxfzR7AH,"Merry Christmas, Please Don't Call",Bleachers
2025-07-30,08:11:00,0UOG0zUn7t8m8QcxfzR7AH,"Merry Christmas, Please Don't Call",Bleachers
2025-07-30,08:07:38,0UOG0zUn7t8m8QcxfzR7AH,"Merry Christmas, Please Don't Call",Bleachers
2025-07-30,08:04:15,0UOG0zUn7t8m8QcxfzR7AH,"Merry Christmas, Please Don't Call",Bleachers
2025-07-30,08:00:52,0UOG0zUn7t8m8QcxfzR7AH,"Merry Christmas, Please Don't Call",Bleachers
2025-07-30,07:57:30,0UOG0zUn7t8m8QcxfzR7AH,"Merry Christmas, Please Don't Call",Bleachers
2025-07-30,07:54:08,0UOG0zUn7t8m8QcxfzR7AH,"Merry Christmas, Please Don't Call",Bleachers
2025-07-30,07:50:45,0UOG0zUn7t8m8QcxfzR7AH,"Merry Christmas, Please Don't Call",Bleachers
2025-07-30,07:47:22,0UOG0zUn7t8m8QcxfzR7AH,"Merry Christmas, Please Don't Call",Bleachers
2025-07-30,07:43:59,0UOG0zUn7t8m8QcxfzR7AH,"Merry Christmas, Please Don't Call",Bleachers
2025-07-30,07:40:37,0UOG0zUn7t8m8QcxfzR7AH,"Merry Christmas, Please Don't Call",Bleachers
2025-07-30,07:37:14,0UOG0zUn7t8m8QcxfzR7AH,"Merry Christmas, Please Don't Call",Bleachers
2025-07-30,07:33:52,0UOG0zUn7t8m8QcxfzR7AH,"Merry Christmas, Please Don't Call",Bleachers
2025-07-30,07:30:29,0UOG0zUn7t8m8QcxfzR7AH,"Merry Christmas, Please Don't Call",Bleachers
2025-07-30,07:27:06,0UOG0zUn7t8m8QcxfzR7AH,"Merry Christmas, Please Don't Call",Bleachers
2025-07-30,07:23:44,0UOG0zUn7t8m8QcxfzR7AH,"Merry Christmas, Please Don't Call",Bleachers
2025-07-30,07:20:21,0UOG0zUn7t8m8QcxfzR7AH,"Merry Christmas, Please Don't Call",Bleachers
2025-07-30,07:16:58,0UOG0zUn7t8m8QcxfzR7AH,"Merry Christmas, Please Don't Call",Bleachers
2025-07-30,07:13:36,0UOG0zUn7t8m8QcxfzR7AH,"Merry Christmas, Please Don't Call",Bleachers
2025-07-30,07:10:13,0UOG0zUn7t8m8QcxfzR7AH,"Merry Christmas, Please Don't Call",Bleachers
2025-07-30,07:06:50,0UOG0zUn7t8m8QcxfzR7AH,"Merry Christmas, Please Don't Call",Bleachers
2025-07-30,07:03:30,0UOG0zUn7t8m8QcxfzR7AH,"Merry Christmas, Please Don't Call",Bleachers
2025-07-30,15:18:31,7hMKAmUlUUYa5qEiHWK4bk,Pookkal Pookkum,G. V. Prakash
2025-07-30,15:18:14,7mMkw0JFKnyMS6oGRT6b3O,Mannipaaya,A.R. Rahman
2025-07-30,15:18:11,4f7u64vCU8VcQXNGTmbaCP,Girl Friend,Karthik
2025-07-30,15:18:05,09Z6o1yu596HJAwWZxTz4m,Othaiyadi Pathayila,Dhibu Ninan Thomas
2025-07-30,15:18:04,3upcDCzLEHdBaul7nznzIm,Karka Karka,Harris Jayaraj
2025-07-30,15:18:03,45K3uOEsbrE2Jkegqiu9sm,Newyork Nagaram,A.R. Rahman
2025-07-30,15:18:03,45TUsDINS6CMvccCZ25YKk,"Po Indru Neeyaga (From ""Velai Illa Pattadhaari"")",Anirudh Ravichander
2025-07-30,15:17:59,7gwuIhFmNaf3wcRWG1WadD,Nallai Allai,A.R. Rahman
2025-07-30,15:17:54,7lnRiEP7BHXuILXNY9MH8f,Otha Sollaala,G. V. Prakash
2025-07-30,15:17:53,6SRzIqukq69xlvVoTSmrW5,So Baby,Anirudh Ravichander
2025-07-30,15:17:51,68kb4S1XJcLO9jn6sDwSU1,Kannukkul Kannai,A.R. Rahman
2025-07-30,15:17:41,6dZCuf6SGn2rh9q94JBLlv,Idhu Varai,Yuvan Shankar Raja
2025-07-30,15:17:35,2VjYF5L2LAOQNkIDCyAnAe,Meesa Beauty,Anirudh Ravichander
2025-07-30,17:35:09,3ypuxW9WGahmclhdjYknUx,Unn Siripinil,Harris Jayaraj
2025-07-30,17:24:23,1hAhrZ84RKMAGuDU3WynZk,Unakkul Naane,Harris Jayaraj
2025-07-30,17:10:13,2DnJjbjNTV9Nd5NOa1KGba,You're So Vain,Carly Simon
2025-07-30,17:05:54,5l6hpyTGBK0LAAxgPnqTQL,Look After You,The Fray
2025-07-30,17:01:25,5L95vS64rG1YMIFm1hLjyZ,Rollercoaster,Bleachers
2025-07-30,16:58:16,56xHMIfQPoe0prrSi3BGhf,Can’t Catch Me Now - from The Hunger Games: The Ballad of Songbirds & Snakes,Olivia Rodrigo
2025-07-30,16:54:06,7pK4jm4HiNaYVzL2zbQSoG,Wild Heart,Bleachers
2025-07-30,16:50:37,3G6hD9B2ZHOsgf4WfNu7X1,Team,Lorde
2025-07-30,16:24:52,2a1iMaoWQ5MnvLFBDv4qkf,High and Dry,Radiohead
2025-07-30,16:12:50,0ZNU020wNYvgW84iljPkPP,mirrorball,Taylor Swift
2025-07-30,16:09:06,5GbVzc6Ex5LYlLJqzRQhuy,Mystery of Love,Sufjan Stevens
2025-07-30,16:04:59,5RgFlk1fcClZd0Y4SGYhqH,She's Always a Woman,Billy Joel
2025-07-30,16:01:37,5CZ40GBx1sQ9agT82CLQCT,traitor,Olivia Rodrigo
2025-07-30,15:57:45,7brQHA2CgQpcMBiOlfiXYb,Afraid,The Neighbourhood
2025-07-30,15:53:33,6K8VQ84MqhsoakN5MjrnVR,Supercut,Lorde
2025-07-30,15:48:55,56xHMIfQPoe0prrSi3BGhf,Can’t Catch Me Now - from The Hunger Games: The Ballad of Songbirds & Snakes,Olivia Rodrigo
2025-07-30,18:29:21,4U45aEWtQhrm8A5mxPaFZ7,Vienna,Billy Joel
2025-07-30,18:24:56,2CQJcnC0XCRFcxKJNgLZmo,Vaaya moodi summa iru da,K. Krishna Kumar
2025-07-30,18:20:21,4Bsf8Pzli5MQv9zLF9KXqc,Unakkul Naane,Harris Jayaraj
2025-07-30,18:18:12,4Bsf8Pzli5MQv9zLF9KXqc,Unakkul Naane,Harris Jayaraj
2025-07-30,17:56:31,6Mbgtn1ZjgS1upiV2ghB9y,The Old Therebefore / Singing at Snakes - from The Hunger Games: The Ballad of Songbirds & Snakes,Rachel Zegler
2025-07-30,17:53:35,4Bsf8Pzli5MQv9zLF9KXqc,Unakkul Naane,Harris Jayaraj
2025-07-30,17:51:10,5bcA1tKUgH4TKCxV3l7KfJ,Karu Karu,Harris Jayaraj
2025-07-30,17:42:34,4Bsf8Pzli5MQv9zLF9KXqc,Unakkul Naane,Harris Jayaraj
2025-07-30,17:42:15,1hAhrZ84RKMAGuDU3WynZk,Unakkul Naane,Harris Jayaraj
2025-07-30,17:39:11,4TKDMFIXIpWr30KvSKArqx,Kaadhal Konjam,Harris Jayaraj
2025-07-30,18:40:54,6SrvijeageGUiFu9iCDdmM,Me & You Together Song,The 1975
2025-07-30,18:57:24,7brQHA2CgQpcMBiOlfiXYb,Afraid,The Neighbourhood
2025-07-30,18:53:13,6K8VQ84MqhsoakN5MjrnVR,Supercut,Lorde
2025-07-30,18:48:35,56xHMIfQPoe0prrSi3BGhf,Can’t Catch Me Now - from The Hunger Games: The Ballad of Songbirds & Snakes,Olivia Rodrigo
2025-07-30,18:45:09,1JSTJqkT5qHq8MDJnJbRE1,Every Breath You Take,The Police
2025-07-30,19:03:03,4Bsf8Pzli5MQv9zLF9KXqc,Unakkul Naane,Harris Jayaraj
2025-07-30,19:00:55,5CZ40GBx1sQ9agT82CLQCT,traitor,Olivia Rodrigo
2025-07-30,19:04:17,5RgFlk1fcClZd0Y4SGYhqH,She's Always a Woman,Billy Joel
2025-07-31,03:23:13,19O4hCGGm95UhvIyhwnNT5,"Thooriga - From ""Navarasa""",Karthik
2025-07-31,03:23:13,6old0mA1IHi5lw2yLv3ri6,Dhimu Dhimu,Harris Jayaraj
2025-07-31,03:23:12,3S4ELYAcxunw60elgJwAwn,Maalai Neram,G. V. Prakash
2025-07-31,03:23:12,6qBLachpHaVUmpHKWyesmq,"Neeyum Naanum (From ""Naanum Rowdy Dhaan"")",Anirudh Ravichander
2025-07-31,03:23:12,6D4waR2NXdGHQSnIDVVlqi,Nee Paarkum,Vidyasagar
2025-07-31,03:23:12,4shmzSwbjpKUIlNhxzlVeC,Kadhal Sadugudu,S.P. Charan
2025-07-31,03:23:12,1AbSrAwrzuC3FcDXoYi3ED,Naan Nee,Santhosh Narayanan
2025-07-31,03:23:12,5uhAAyQlgzOgghJp5XSigQ,Para Para,N.R. Raghunanthan
2025-07-31,03:23:12,5SgReZZHzHj9mUzJWBBvr4,Aye Sinamika,A.R. Rahman
2025-07-31,03:23:12,5SgReZZHzHj9mUzJWBBvr4,Aye Sinamika,A.R. Rahman
2025-07-31,04:07:31,5GbVzc6Ex5LYlLJqzRQhuy,Mystery of Love,Sufjan Stevens
2025-07-31,04:34:24,09Z6o1yu596HJAwWZxTz4m,Othaiyadi Pathayila,Dhibu Ninan Thomas
2025-07-31,04:30:14,1jJci4qxiYcOHhQR247rEU,Kids,MGMT
2025-07-31,04:25:05,2RdEC8Ff83WkX7kDVCHseE,party 4 u,Charli xcx
2025-07-31,04:20:08,56xHMIfQPoe0prrSi3BGhf,Can’t Catch Me Now - from The Hunger Games: The Ballad of Songbirds & Snakes,Olivia Rodrigo
2025-07-31,04:38:11,3ySU5vwQB33iGulwcUL9qQ,Don't Take The Money,Bleachers
2025-07-31,04:58:23,7h6lpVuSGPW6RNjDXKpYDh,The Sound,The 1975
2025-07-31,04:54:14,2DnJjbjNTV9Nd5NOa1KGba,You're So Vain,Carly Simon
2025-07-31,04:49:55,3TgMcrV32NUKjEG2ujn9eh,It's Not Living (If It's Not With You),The 1975
2025-07-31,04:45:46,25FTMokYEbEWHEdss5JLZS,Teenage Dirtbag,Wheatus
2025-07-31,04:41:44,14dJexYlvd3t3XAtD1pYW1,Oh Caroline,The 1975
2025-07-31,05:08:42,1BwhFXqoIsePt21WyWIttb,I Wanna Get Better,Bleachers
2025-07-31,05:05:18,6NFyWDv5CjfwuzoCkw47Xf,Delicate,Taylor Swift
2025-07-31,05:17:37,5L95vS64rG1YMIFm1hLjyZ,Rollercoaster,Bleachers
2025-07-31,05:14:27,2fuYa3Lx06QQJAm0MjztKr,Let Down,Radiohead
2025-07-31,05:38:04,4Bsf8Pzli5MQv9zLF9KXqc,Unakkul Naane,Harris Jayaraj
2025-07-31,05:33:51,4Bsf8Pzli5MQv9zLF9KXqc,Unakkul Naane,Harris Jayaraj
2025-07-31,05:31:42,70C4NyhjD5OZUMzvWZ3njJ,Piano Man,Billy Joel
2025-07-31,05:26:05,7brQHA2CgQpcMBiOlfiXYb,Afraid,The Neighbourhood
2025-07-31,05:21:51,1JSTJqkT5qHq8MDJnJbRE1,Every Breath You Take,The Police
2025-07-31,13:23:27,1fDsrQ23eTAVFElUMaf38X,American Pie,Don McLean
2025-07-31,13:14:32,1fDsrQ23eTAVFElUMaf38X,American Pie,Don McLean
2025-07-31,13:05:34,2MvvoeRt8NcOXWESkxWn3g,Ribs,Lorde
2025-07-31,13:00:24,4Bsf8Pzli5MQv9zLF9KXqc,Unakkul Naane,Harris Jayaraj
2025-07-31,12:57:25,4Bsf8Pzli5MQv9zLF9KXqc,Unakkul Naane,Harris Jayaraj
2025-07-31,12:55:16,5RgFlk1fcClZd0Y4SGYhqH,She's Always a Woman,Billy Joel
2025-07-31,12:29:44,4Bsf8Pzli5MQv9zLF9KXqc,Unakkul Naane,Harris Jayaraj
2025-07-31,12:27:35,56xHMIfQPoe0prrSi3BGhf,Can’t Catch Me Now - from The Hunger Games: The Ballad of Songbirds & Snakes,Olivia Rodrigo
2025-07-31,12:08:56,70C4NyhjD5OZUMzvWZ3njJ,Piano Man,Billy Joel
2025-07-31,12:03:16,4U45aEWtQhrm8A5mxPaFZ7,Vienna,Billy Joel
2025-07-31,11:56:00,3ySU5vwQB33iGulwcUL9qQ,Don't Take The Money,Bleachers
2025-07-31,11:45:15,1BwhFXqoIsePt21WyWIttb,I Wanna Get Better,Bleachers
2025-07-31,11:41:35,5L95vS64rG1YMIFm1hLjyZ,Rollercoaster,Bleachers
2025-07-31,11:38:26,2RdEC8Ff83WkX7kDVCHseE,party 4 u,Charli xcx
2025-07-31,11:29:52,4Bsf8Pzli5MQv9zLF9KXqc,Unakkul Naane,Harris Jayaraj
2025-07-31,11:26:13,4Bsf8Pzli5MQv9zLF9KXqc,Unakkul Naane,Harris Jayaraj
2025-07-31,16:58:51,1fDsrQ23eTAVFElUMaf38X,American Pie,Don McLean
2025-07-31,17:07:29,1fDsrQ23eTAVFElUMaf38X,American Pie,Don McLean
2025-07-31,17:10:20,4Bsf8Pzli5MQv9zLF9KXqc,Unakkul Naane,Harris Jayaraj
2025-07-31,17:28:49,09Z6o1yu596HJAwWZxTz4m,Othaiyadi Pathayila,Dhibu Ninan Thomas
2025-07-31,17:24:19,4Bsf8Pzli5MQv9zLF9KXqc,Unakkul Naane,Harris Jayaraj
2025-07-31,17:22:10,3TgMcrV32NUKjEG2ujn9eh,It's Not Living (If It's Not With You),The 1975
2025-07-31,17:18:02,6SrvijeageGUiFu9iCDdmM,Me & You Together Song,The 1975
2025-07-31,17:14:05,5bcA1tKUgH4TKCxV3l7KfJ,Karu Karu,Harris Jayaraj
2025-07-31,17:36:26,4Bsf8Pzli5MQv9zLF9KXqc,Unakkul Naane,Harris Jayaraj
2025-07-31,17:33:07,3Tgv4rvWBVwnbmUTlJwzk0,Do I Wanna Know? - Live At the BBC,Hozier
2025-07-31,17:39:56,3ySU5vwQB33iGulwcUL9qQ,Don't Take The Money,Bleachers
2025-07-31,17:44:55,7brQHA2CgQpcMBiOlfiXYb,Afraid,The Neighbourhood
2025-07-31,17:49:55,2fuYa3Lx06QQJAm0MjztKr,Let Down,Radiohead
2025-07-31,17:53:21,56xHMIfQPoe0prrSi3BGhf,Can’t Catch Me Now - from The Hunger Games: The Ballad of Songbirds & Snakes,Olivia Rodrigo
2025-07-31,18:01:21,4AajxCEwGEsmHmT4H1TwjY,undressed,sombr
2025-07-31,17:58:18,2RdEC8Ff83WkX7kDVCHseE,party 4 u,Charli xcx
2025-07-31,18:04:20,4Bsf8Pzli5MQv9zLF9KXqc,Unakkul Naane,Harris Jayaraj
2025-07-31,18:11:35,0WQiDwKJclirSYG9v5tayI,There Is a Light That Never Goes Out - 2011 Remaster,The Smiths
2025-07-31,18:17:30,3qTNm4Mta37YmEcLeQcdw3,Oru Devathai,Yuvan Shankar Raja
2025-08-01,03:50:45,68SQB9JEA3YKYPFejBOH2S,Mun Sellada,Santhosh Narayanan
2025-08-01,03:50:44,6EB454nVg2u6sbeCvWAPej,"Yaanji - From ""Vikram Vedha""",Sam C.S.
2025-08-01,03:50:44,45K3uOEsbrE2Jkegqiu9sm,Newyork Nagaram,A.R. Rahman
2025-08-01,03:50:44,4Bsf8Pzli5MQv9zLF9KXqc,Unakkul Naane,Harris Jayaraj
2025-08-01,03:50:43,6dZCuf6SGn2rh9q94JBLlv,Idhu Varai,Yuvan Shankar Raja
2025-08-01,03:50:43,230PqiIwr8giC46cKgwyCq,Tango Kelaayo,A.R. Rahman
2025-08-01,03:50:43,7mMkw0JFKnyMS6oGRT6b3O,Mannipaaya,A.R. Rahman
2025-08-01,03:50:43,68kb4S1XJcLO9jn6sDwSU1,Kannukkul Kannai,A.R. Rahman
2025-08-01,03:50:42,5DYfTyqUNBmOnQtljQjYk2,Ayyayo,G. V. Prakash
2025-08-01,05:18:43,5bcA1tKUgH4TKCxV3l7KfJ,Karu Karu,Harris Jayaraj
2025-08-01,05:15:06,4Bsf8Pzli5MQv9zLF9KXqc,Unakkul Naane,Harris Jayaraj
2025-08-01,05:06:39,3qTNm4Mta37YmEcLeQcdw3,Oru Devathai,Yuvan Shankar Raja
2025-08-01,05:22:57,73jVPicY2G9YHmzgjk69ae,Robbers,The 1975
2025-08-01,05:27:18,5qqabIl2vWzo9ApSC317sa,Wonderwall - Remastered,Oasis
2025-08-05,16:55:48,3yqkV2Vd0u4l9lUnlaFNZT,Porkanda Singam,Anirudh Ravichander
2025-08-05,16:55:48,3kvvKv05CVHBVlbdCtERyL,"Nijamellam Maranthupochu (From ""Ethir Neechal"")",Anirudh Ravichander
2025-08-05,16:55:48,7lnRiEP7BHXuILXNY9MH8f,Otha Sollaala,G. V. Prakash
2025-08-05,16:55:48,3qTNm4Mta37YmEcLeQcdw3,Oru Devathai,Yuvan Shankar Raja
2025-08-05,16:55:47,0Ps7lWZdj1NAuyAVumclyC,Adhaaru Adhaaru,Harris Jayaraj
2025-08-05,16:55:47,3mrFhHALZLJ4ZIEiS5IPy1,Endrendrum Punnagai,Srinivas
2025-08-05,16:55:47,2M8ic65G0VLkS6nEY53Uex,Kadhal Cricket - Love (Not Out),Hiphop Tamizha
2025-08-05,16:55:47,0DM2Z5E6BJMSphoM0yyLi6,Chinnanjiru Nilave,A.R. Rahman
2025-08-05,16:55:47,2uqXfUERVBLa1heEoUTBlO,Thuli Thuli,Yuvan Shankar Raja
2025-08-05,07:45:23,4G3Qh2Xsblt3d2vm6exYi5,Ovvundraai Thirudugiraai,D. Imman
2025-08-05,07:45:23,7gaysiOWpGoNQocrSwa1yM,Marudaani,A.R. Rahman
2025-08-05,07:45:23,4Uh41d7PlFHP2gCinJEWlr,Yaayum,Shabir Sulthan
2025-08-05,07:45:23,1zAkNzJZVPrWDCnowb1vpZ,Oh Penne,Anirudh Ravichander
2025-08-05,07:45:22,4LIJn3SG7mCCNKQc6vyy5S,Yaaro Ivan,G. V. Prakash
2025-08-05,07:45:22,68kb4S1XJcLO9jn6sDwSU1,Kannukkul Kannai,A.R. Rahman
2025-08-05,07:45:22,102YVYHLNfgkfQP3qvDqsD,Koodamela Koodavechi,D. Imman
2025-08-05,07:10:38,00bHxCcteaAJhU5WiP1mtf,Unakkenna Venum Sollu,Harris Jayaraj
2025-08-05,07:05:26,4Bsf8Pzli5MQv9zLF9KXqc,Unakkul Naane,Harris Jayaraj
2025-08-05,07:03:18,6aQIGqAo9PxRKjUkhYtR6R,"Hayyoda (From ""Jawan"")",Anirudh Ravichander
2025-08-05,07:02:44,3oWdVmZSm0mNlD8Cn5X4BK,"Boomi Enna Suthudhe (From ""Ethir Neechal"")",Anirudh Ravichander
2025-08-05,07:02:43,7gwuIhFmNaf3wcRWG1WadD,Nallai Allai,A.R. Rahman
2025-08-05,07:02:43,2HqFDI6vgNmUcqLYlNZqE6,"Udhungada Sangu (From ""Velai Illa Pattadhaari"")",Anirudh Ravichander
2025-08-05,07:02:43,3QjFIgGhcrPS4VjkIYOddf,Sirukki Vaasam,Santhosh Narayanan
2025-08-05,07:02:43,6sewH6rrJZeM40FdCxbJP8,Mazhai Varum - Female,Joshua Sridhar
2025-08-05,07:02:43,4Bsf8Pzli5MQv9zLF9KXqc,Unakkul Naane,Harris Jayaraj
2025-08-05,07:02:43,2YoPh281gD3xPnTkojVSr3,Adiyae Kolluthey,Harris Jayaraj
2025-08-05,07:02:43,4NQBqInyE7zvjIiP4j1dmy,Sirikkadhey,Anirudh Ravichander
2025-08-05,07:02:43,3FRLxtpSk9BxxnxdS6I4jq,Iragai Poley,Yuvan Shankar Raja
2025-08-05,07:02:43,6zdikHQs2PBFgGIZBxqOeV,Po Nee Po - The Pain of Love,Anirudh Ravichander
2025-08-05,07:02:43,56xHMIfQPoe0prrSi3BGhf,Can’t Catch Me Now - from The Hunger Games: The Ballad of Songbirds & Snakes,Olivia Rodrigo
2025-08-05,07:02:43,4Bsf8Pzli5MQv9zLF9KXqc,Unakkul Naane,Harris Jayaraj
2025-08-05,07:02:42,4Bsf8Pzli5MQv9zLF9KXqc,Unakkul Naane,Harris Jayaraj
2025-08-05,07:02:41,7dbzO881X6TVJST6EKhnDg,Maruvaarthai,Darbuka Siva
2025-08-04,03:26:32,4vlMdXsRpAIXYggwbNHZSv,Nenjukkul Peidhidum,Harris Jayaraj
2025-08-04,03:26:32,4QROxOGtSMviE3NydK7Hpo,"Yennai Maatrum Kadhale (From ""Naanum Rowdy Dhaan"")",Anirudh Ravichander
2025-08-04,03:26:32,3upcDCzLEHdBaul7nznzIm,Karka Karka,Harris Jayaraj
2025-08-04,03:05:04,6tyMmVWrbRnjkYgqZs62Gq,Endhan Kann Munnae,Aalaap Raju
2025-08-04,03:05:04,3mrFhHALZLJ4ZIEiS5IPy1,Endrendrum Punnagai,Srinivas
2025-08-04,03:05:04,7dFqLUWUZ7CKsEAFwf3d4H,Yaaro Manathile,Harris Jayaraj
2025-08-04,03:05:03,2vlR5QFDv26aIctbUDK6jj,"Aga Naga (From ""Ponniyin Selvan Part-2"")",A.R. Rahman
2025-08-04,03:05:03,5SgReZZHzHj9mUzJWBBvr4,Aye Sinamika,A.R. Rahman
2025-08-04,03:05:03,5SgReZZHzHj9mUzJWBBvr4,Aye Sinamika,A.R. Rahman
2025-08-03,17:34:24,6LEexioDsbXKAIemyIOrqd,"Ulaviravu - From ""Ondraga Originals""",Karthik
2025-08-03,17:34:24,0zDmCKN7OlRmNmeiiJAyOR,High on Love,Sid Sriram
2025-08-02,17:45:18,1WN4uNclrDuczTO3bCr8s1,Be My Baby,The Ronettes
2025-08-02,14:37:14,3Oh1zx6YSpHMk7R4grBIiI,Thangamey,Anirudh Ravichander
2025-08-02,14:30:50,4Uh41d7PlFHP2gCinJEWlr,Yaayum,Shabir Sulthan
2025-08-02,14:26:27,6sPW145Y3LSXd4p1LjBOcS,Kanave Kanave,Anirudh Ravichander
2025-08-02,14:21:20,6sAdmaffuMijDszeFrGF1H,"Enakenna Yaarum Illaye (From ""Aakko"")",Anirudh Ravichander
2025-08-02,14:16:56,4oNVmnywnXguyk76wkMuIb,Mudhal Nee Mudivum Nee Title Track,Darbuka Siva
2025-08-08,19:59:36,4U45aEWtQhrm8A5mxPaFZ7,Vienna,Billy Joel
2025-08-08,19:51:46,5RgFlk1fcClZd0Y4SGYhqH,She's Always a Woman,Billy Joel
2025-08-08,19:48:10,1JSTJqkT5qHq8MDJnJbRE1,Every Breath You Take,The Police
2025-08-08,19:43:56,1fDsrQ23eTAVFElUMaf38X,American Pie,Don McLean
2025-08-08,19:35:18,2RdEC8Ff83WkX7kDVCHseE,party 4 u,Charli xcx
2025-08-08,19:30:28,56xHMIfQPoe0prrSi3BGhf,Can’t Catch Me Now - from The Hunger Games: The Ballad of Songbirds & Snakes,Olivia Rodrigo
2025-08-08,19:26:53,4Bsf8Pzli5MQv9zLF9KXqc,Unakkul Naane,Harris Jayaraj
2025-08-08,19:24:44,0UOG0zUn7t8m8QcxfzR7AH,"Merry Christmas, Please Don't Call",Bleachers
2025-08-12,08:20:56,70C4NyhjD5OZUMzvWZ3njJ,Piano Man,Billy Joel
2025-08-12,08:14:59,4Bsf8Pzli5MQv9zLF9KXqc,Unakkul Naane,Harris Jayaraj
2025-08-12,08:12:51,0UOG0zUn7t8m8QcxfzR7AH,"Merry Christmas, Please Don't Call",Bleachers
2025-08-10,16:46:56,6TQS7URegxmcb8tTNpoXzi,"Megham Karukatha (From ""Thiruchitrambalam"")",Dhanush
2025-08-10,16:29:40,5bcA1tKUgH4TKCxV3l7KfJ,Karu Karu,Harris Jayaraj
2025-08-10,16:25:50,6S6DFMfhwIZYHUffVzuWOI,June Ponal,Krishh
2025-08-10,16:19:48,6d4w8aXKohojSGWl2TJ753,Poi Varavaa,Karthik
2025-08-10,16:13:58,49i8BuS37v9jhCFDcCXrvc,Idhu Varai,Yuvan Shankar Raja
2025-08-10,16:08:38,6km4XESO3EkgZ1fBXqdKQN,"Oru Devathai (From ""Vaamanan"")",Yuvan Shankar Raja
2025-08-10,16:03:44,4G5xt3wvHC2qLAaT5TXyYJ,"Aye Sinamika (From ""O Kadhal Kanmani"")",A.R. Rahman
2025-08-10,16:00:41,50BuKVg2KHpiRUhkKT9kEC,Aaruyire,A.R. Rahman
2025-08-10,15:55:53,4147k8UiNWkgwbJLEgnvXQ,Idhazhin Oram - The Innocence of Love,Anirudh Ravichander
2025-08-10,15:52:34,3pnua38BVzlZqmK9D2uB4k,"Aval (From ""Manithan"")",Santhosh Narayanan
2025-08-10,15:48:42,4LK8863ScRhhT6hitFfBI5,Aval,Santhosh Narayanan
2025-08-10,15:47:38,4LK8863ScRhhT6hitFfBI5,Aval,Santhosh Narayanan
2025-08-10,15:30:44,3S4ELYAcxunw60elgJwAwn,Maalai Neram,G. V. Prakash
2025-08-09,19:08:48,45K3uOEsbrE2Jkegqiu9sm,Newyork Nagaram,A.R. Rahman
2025-08-09,19:08:48,5bcA1tKUgH4TKCxV3l7KfJ,Karu Karu,Harris Jayaraj
2025-08-09,19:08:48,1JVfJe7LQSePY6EyF1fBUX,Venmathiye,Tippu
2025-08-09,19:08:48,4oNVmnywnXguyk76wkMuIb,Mudhal Nee Mudivum Nee Title Track,Darbuka Siva
2025-08-09,19:08:48,4LIJn3SG7mCCNKQc6vyy5S,Yaaro Ivan,G. V. Prakash
2025-08-09,19:08:47,2HqFDI6vgNmUcqLYlNZqE6,"Udhungada Sangu (From ""Velai Illa Pattadhaari"")",Anirudh Ravichander
2025-08-09,19:08:47,2109dBho14Lqh2wr8goqAP,Enna Solla - The New Life of Tamizh,Anirudh Ravichander
2025-08-09,19:08:47,4KUQFOGTaHrggl3hfMoaAe,"Kannamma - From ""Ispade Rajavum Idhaya Raniyum""",Sam C.S.
2025-08-09,19:08:47,4LK8863ScRhhT6hitFfBI5,Aval,Santhosh Narayanan
2025-08-09,19:08:47,4NQBqInyE7zvjIiP4j1dmy,Sirikkadhey,Anirudh Ravichander
2025-08-09,19:08:47,1MK6FCp06aF4wYkL0ggztn,"Velicha Poove (From ""Ethir Neechal"")",Anirudh Ravichander
2025-08-09,19:08:47,5ich0wSxDxMryEjwZo6XzG,Mazhai Vara Pogudhae,Harris Jayaraj
2025-08-09,19:08:46,4Bsf8Pzli5MQv9zLF9KXqc,Unakkul Naane,Harris Jayaraj
2025-08-09,19:08:45,3Uo9rRELbWvuIvTBPL4KPq,Neela Vaanam,Priya Hemesh
2025-08-09,19:08:45,1zAkNzJZVPrWDCnowb1vpZ,Oh Penne,Anirudh Ravichander
2025-08-09,19:08:45,6sewH6rrJZeM40FdCxbJP8,Mazhai Varum - Female,Joshua Sridhar
2025-08-09,19:08:45,00bHxCcteaAJhU5WiP1mtf,Unakkenna Venum Sollu,Harris Jayaraj
2025-08-09,19:08:45,2tMoOS9grHtn4upzb4LwMG,"Adiye - From ""Bachelor""",Dhibu Ninan Thomas
2025-08-09,19:08:44,1n5gnI3Wue9WBpYFOIQNh1,Mundhinam,Harris Jayaraj
2025-08-09,19:08:43,2tMoOS9grHtn4upzb4LwMG,"Adiye - From ""Bachelor""",Dhibu Ninan Thomas
2025-08-09,19:08:43,0xttqqTj7ZAGyVkfOYxQ4F,Nee Paartha Vizhigal - The Touch of Love,Anirudh Ravichander
2025-08-09,19:08:43,45K3uOEsbrE2Jkegqiu9sm,Newyork Nagaram,A.R. Rahman
2025-08-09,19:08:43,4QROxOGtSMviE3NydK7Hpo,"Yennai Maatrum Kadhale (From ""Naanum Rowdy Dhaan"")",Anirudh Ravichander
2025-08-09,15:30:15,6EB454nVg2u6sbeCvWAPej,"Yaanji - From ""Vikram Vedha""",Sam C.S.
2025-08-09,15:25:40,2DI0fZ4QZmLtapszYaoG6F,Atlas - From “The Hunger Games: Catching Fire” Soundtrack,Coldplay
2025-08-09,15:21:44,3YfG9ch4qcYbDhwVtDuzQm,"Thuli Thuli (From ""Paiya"")",Yuvan Shankar Raja
2025-08-09,15:15:22,4vlMdXsRpAIXYggwbNHZSv,Nenjukkul Peidhidum,Harris Jayaraj
2025-08-09,15:15:21,4sCcDvX30uu39ozvxcRsqB,"Vilambara Idaiveli - From ""Imaikkaa Nodigal""",Hiphop Tamizha
2025-08-09,12:10:14,3S4ELYAcxunw60elgJwAwn,Maalai Neram,G. V. Prakash
2025-08-09,12:05:12,24SMsVi24or0TxpFFuOBoh,Naan Pizhaippeno,Darbuka Siva
2025-08-09,10:03:00,68SQB9JEA3YKYPFejBOH2S,Mun Sellada,Santhosh Narayanan
2025-08-09,10:03:00,2DnfC8ghXPQgn1SKPCCL6S,Mun Andhi,Harris Jayaraj
2025-08-09,10:02:59,1AU04y9Bvi5UxomIoBMpCy,Yaakkai Thiri,A.R. Rahman
2025-08-09,10:02:59,6NwEpX2JUWHVKWfDDfcqC4,Idhazhin Oram - The Innocence of Love,Anirudh Ravichander
2025-08-12,19:56:41,4m0q0xQ2BNl9SCAGKyfiGZ,Somebody Else,The 1975
2025-08-12,19:50:53,62BxlOvQCjLNQA5ARA4Dug,Runaways,The Killers
2025-08-12,19:46:49,7fyG2MquxykO3Ufiku1Dj2,Treehouse,Alex G
2025-08-12,19:44:10,5XeFesFbtLpXzIVDNQP22n,I Wanna Be Yours,Arctic Monkeys
2025-08-12,19:41:05,0iSWAT0EL8TwmzcgBjKMh6,What a Feeling,One Direction
2025-08-12,19:37:29,7ne4VBA60CxGM75vw0EYad,That’s So True,Gracie Abrams
2025-08-12,19:34:42,5l6hpyTGBK0LAAxgPnqTQL,Look After You,The Fray
2025-08-12,19:30:15,3rWDp9tBPQR9z6U5YyRSK4,Midnight Rain,Taylor Swift
2025-08-12,19:27:20,2GiJYvgVaD2HtM8GqD9EgQ,Electric Love,BØRNS
2025-08-12,19:23:41,6z1Xz89avh1KA7d3Ek7DQP,Half the World Away - Remastered,Oasis
2025-08-12,19:18:42,1ZWLWVqeEMWMKTlteS0yLH,Love You Goodbye,One Direction
2025-08-12,19:15:24,6zdikHQs2PBFgGIZBxqOeV,Po Nee Po - The Pain of Love,Anirudh Ravichander
2025-08-12,19:11:12,6NFyWDv5CjfwuzoCkw47Xf,Delicate,Taylor Swift
2025-08-12,19:07:18,1u8c2t2Cy7UBoG4ArRcF5g,Blank Space,Taylor Swift
2025-08-12,19:03:26,5GorCbAP4aL0EJ16frG2hd,Boulevard of Broken Dreams,Green Day
2025-08-12,18:59:04,2LmwUKeGCJZUKHKwOrX3Xb,Hello - Remastered,Oasis
2025-08-12,18:54:15,5GbVzc6Ex5LYlLJqzRQhuy,Mystery of Love,Sufjan Stevens
2025-08-12,18:50:12,5RgFlk1fcClZd0Y4SGYhqH,She's Always a Woman,Billy Joel
2025-08-12,18:46:44,5CZ40GBx1sQ9agT82CLQCT,traitor,Olivia Rodrigo
2025-08-12,18:42:54,7brQHA2CgQpcMBiOlfiXYb,Afraid,The Neighbourhood
2025-08-12,18:38:42,6K8VQ84MqhsoakN5MjrnVR,Supercut,Lorde
2025-08-12,18:34:07,6kfj0zSrTmvosGeiFR2cyB,"Kannalanae (From ""Bombay"")",K. S. Chithra
2025-08-12,18:34:06,3l7JaDIJmWMpvcJqhTJjrk,Hosanna,A.R. Rahman
2025-08-12,18:34:06,2uMh5DHeh70RoQ572k5oPI,Anbe En Anbe,Harris Jayaraj
2025-08-12,18:34:06,1ifPGkfVkbSFUpWrWGZ19B,"Iraiva (From ""Velaikkaran"")",Anirudh Ravichander
2025-08-12,18:34:06,45TUsDINS6CMvccCZ25YKk,"Po Indru Neeyaga (From ""Velai Illa Pattadhaari"")",Anirudh Ravichander
2025-08-12,18:34:06,09Z6o1yu596HJAwWZxTz4m,Othaiyadi Pathayila,Dhibu Ninan Thomas
2025-08-12,18:34:06,6sAdmaffuMijDszeFrGF1H,"Enakenna Yaarum Illaye (From ""Aakko"")",Anirudh Ravichander
2025-08-12,18:34:06,0DM2Z5E6BJMSphoM0yyLi6,Chinnanjiru Nilave,A.R. Rahman
2025-08-12,18:34:06,2ZqzELrxZZyeTPSR7GZBH4,Yaar Azhaippadhu,Ghibran
2025-08-12,18:34:06,3RVKJOoIVKXicFvNO7b2iK,Aaruyire,A.R. Rahman
2025-08-12,18:34:05,3cbNkWW8PShnP2CexDqOCP,Avalum Naanum,A.R. Rahman
2025-08-12,18:34:05,7dFqLUWUZ7CKsEAFwf3d4H,Yaaro Manathile,Harris Jayaraj
2025-08-12,18:34:05,6sPW145Y3LSXd4p1LjBOcS,Kanave Kanave,Anirudh Ravichander
2025-08-12,18:34:05,0SOAuohGmdPWKnBxGiwJkn,"The Karma Theme - From ""U Turn""",Anirudh Ravichander
2025-08-12,18:34:05,5SgReZZHzHj9mUzJWBBvr4,Aye Sinamika,A.R. Rahman
2025-08-12,18:34:05,30ymNSV9O4RD3XV24dVOwj,Naan Maati Konden,Gopi Sundar
2025-08-12,18:34:05,5RebYkboApCX2DID83Lm2H,"Bodhai Kodhai - From ""Ondraga Originals""",Karthik
2025-08-12,18:34:05,065Z2aaZ990VPUHM9kHbI6,"Don'u Don'u Don'u (From ""Maari"") - The Don's Romance",Anirudh Ravichander
2025-08-12,18:34:05,0gDwLf7vBAX7470lXfkYpp,Life of Pazham,Anirudh Ravichander
2025-08-12,18:34:05,56xHMIfQPoe0prrSi3BGhf,Can’t Catch Me Now - from The Hunger Games: The Ballad of Songbirds & Snakes,Olivia Rodrigo
2025-08-12,18:34:05,6aACwXDIHQXIP097DT8WfE,Chillena,G. V. Prakash
2025-08-12,18:34:05,3yOBRx27Dl7XYkEhtonb7i,Unnaale Unnaale,Karthik
2025-08-12,18:34:05,3QjFIgGhcrPS4VjkIYOddf,Sirukki Vaasam,Santhosh Narayanan
2025-08-12,18:34:04,3Oh1zx6YSpHMk7R4grBIiI,Thangamey,Anirudh Ravichander
2025-08-12,18:34:04,6aQIGqAo9PxRKjUkhYtR6R,"Hayyoda (From ""Jawan"")",Anirudh Ravichander
2025-08-12,09:23:50,1JSTJqkT5qHq8MDJnJbRE1,Every Breath You Take,The Police
2025-08-12,09:19:41,6SrvijeageGUiFu9iCDdmM,Me & You Together Song,The 1975
2025-08-12,09:16:04,70C4NyhjD5OZUMzvWZ3njJ,Piano Man,Billy Joel
2025-08-12,09:10:18,4U45aEWtQhrm8A5mxPaFZ7,Vienna,Billy Joel
2025-08-12,20:43:30,7FMudQFEInauBuk4OP1yhT,"La Vie En Rose - From ""How I Met Your Mother: Season 9""",Cristin Milioti
2025-08-12,20:41:45,3USxtqRwSYz57Ewm6wWRMp,Heat Waves,Glass Animals
2025-08-12,20:37:45,3TgMcrV32NUKjEG2ujn9eh,It's Not Living (If It's Not With You),The 1975
2025-08-12,21:09:53,6K4t31amVTZDgR3sKmwUJJ,The Less I Know The Better,Tame Impala
2025-08-12,21:06:17,7iPlcFvOMOzt6v0QvcAueZ,I Always Wanna Die (Sometimes),The 1975
2025-08-12,21:01:01,5TbzAWWc5eJaANpA9kfGCd,Love Me Again,John Newman
2025-08-12,20:57:01,5ophZLHA9mwSZhQSmboyDN,People of The Pride,Coldplay
2025-08-12,20:53:35,5enxwA8aAbwZbf5qCHORXi,All Too Well (10 Minute Version) (Taylor's Version) (From The Vault),Taylor Swift
2025-08-12,21:17:19,6TvxPS4fj4LUdjw2es4g21,Slipping Through My Fingers,ABBA
2025-08-12,21:13:25,5uCax9HTNlzGybIStD3vDh,Say You Won't Let Go,James Arthur
2025-08-12,22:00:59,086myS9r57YsLbJpU0TgK9,Why'd You Only Call Me When You're High?,Arctic Monkeys
2025-08-12,21:58:18,4emicu3yCflgo7z6cAuw5j,Kill My Mind,Louis Tomlinson
2025-08-12,21:54:35,1wo3UYTeizJHkwYIuLuBPF,Champagne Supernova - Remastered,Oasis
2025-08-12,21:47:03,0XKkWw4sw1VmFlfX8mR1Fk,Rendu Kaadhal,Anirudh Ravichander
2025-08-12,21:42:43,2gANywSFYF58YFMPdDSAjC,Stand by Me,Oasis
2025-08-12,21:36:46,5qEn8c0MBzyRKgQq91Vevi,Out of My League,Fitz and The Tantrums
2025-08-12,21:33:16,5n0CTysih20NYdT2S0Wpe8,Trouble,Cage The Elephant
2025-08-12,21:29:05,2DRMuw0U0QbkVQxWxdJV3M,Water Under the Bridge,Adele
2025-08-12,21:25:00,1hJ6KojJObbRvjuVj8Ezya,Paper Houses,Niall Horan
2025-08-12,21:21:26,1sTsuZTdANkiFd7T34H3nb,Human,The Killers
2025-08-13,09:14:26,6ORqU0bHbVCRjXm9AjyHyZ,Good Riddance (Time of Your Life),Green Day
2025-08-13,19:44:12,5bJ1K78btQIh5gR1MaFXt0,War,Hypnotic Brass Ensemble
2025-08-13,19:41:18,54xbcKFYv2PC6ujERHppRj,The Stranger,Billy Joel
2025-08-13,19:36:08,16GUMo6u3D2qo9a19AkYct,Movin' Out (Anthony's Song),Billy Joel
2025-08-13,19:32:34,2fuYa3Lx06QQJAm0MjztKr,Let Down,Radiohead
2025-08-13,19:27:34,0z1o5L7HJx562xZSATcIpY,Exit Music (For A Film),Radiohead
2025-08-13,19:23:07,2CVV8PtUYYsux8XOzWkCP0,Subterranean Homesick Alien,Radiohead
2025-08-13,19:18:39,6LgJvl0Xdtc73RJ1mmpotq,Paranoid Android,Radiohead
2025-08-13,19:03:53,7c378mlmubSu7NGkLFa4sN,Airbag,Radiohead
2025-08-13,18:54:55,7brQHA2CgQpcMBiOlfiXYb,Afraid,The Neighbourhood
2025-08-13,18:49:59,0eNfURq0r0oNSwFyw1VuVT,Looking For Somebody (To Love),The 1975
2025-08-13,18:47:00,7h6lpVuSGPW6RNjDXKpYDh,The Sound,The 1975
2025-08-13,18:42:50,63OQupATfueTdZMWTxW03A,Karma Police,Radiohead
2025-08-13,13:27:22,06KyNuuMOX1ROXRhj787tj,We Don't Talk Anymore (feat. Selena Gomez),Charlie Puth
2025-08-13,13:23:04,4hf0hL4kWyjWztZzVsM39V,God Put a Smile upon Your Face,Coldplay
2025-08-13,13:17:58,6sPW145Y3LSXd4p1LjBOcS,Kanave Kanave,Anirudh Ravichander
2025-08-13,13:13:13,4rsnPOEFqof5CDcfJKXYZB,Supersonic - Remastered,Oasis
2025-08-13,13:07:53,69YTuACgrMGedLai9jPI9N,Wicked Game (feat. Tom Ellis),Lucifer Cast
2025-08-13,13:05:31,5ruzrDWcT0vuJIOMW7gMnW,The Adults Are Talking,The Strokes
2025-08-13,13:00:21,7EkWXAI1wn8Ii883ecd9xr,Freaks,Surf Curse
2025-08-13,12:57:50,1NZs6n6hl8UuMaX0UC0YTz,Brooklyn Baby,Lana Del Rey
2025-08-13,20:02:36,5RgFlk1fcClZd0Y4SGYhqH,She's Always a Woman,Billy Joel
2025-08-13,19:59:15,1xOXXYh6lTW8laxlW7JP2J,Only the Good Die Young,Billy Joel
2025-08-13,19:55:19,4U45aEWtQhrm8A5mxPaFZ7,Vienna,Billy Joel
2025-08-13,19:49:03,49MHCPzvMLXhRjDantBMVH,Just the Way You Are,Billy Joel
2025-08-13,20:42:08,52ojopYMUzeNcudsoz7O9D,"New Person, Same Old Mistakes",Tame Impala
2025-08-13,20:36:04,2RdEC8Ff83WkX7kDVCHseE,party 4 u,Charli xcx
2025-08-13,20:31:07,5E30LdtzQTGqRvNd7l6kG5,Daddy Issues,The Neighbourhood
2025-08-13,20:26:47,5L95vS64rG1YMIFm1hLjyZ,Rollercoaster,Bleachers
2025-08-13,20:23:37,5RgFlk1fcClZd0Y4SGYhqH,She's Always a Woman,Billy Joel
2025-08-14,15:08:45,0DwClY2t9YAWHBROMIgrXb,Ho Hey,The Lumineers
2025-08-14,13:38:14,1JSTJqkT5qHq8MDJnJbRE1,Every Breath You Take,The Police
2025-08-14,13:12:47,0WQiDwKJclirSYG9v5tayI,There Is a Light That Never Goes Out - 2011 Remaster,The Smiths
2025-08-14,20:11:58,1PtQJZVZIdWIYdARpZRDFO,Running Up That Hill (A Deal With God),Kate Bush
2025-08-14,20:06:35,7clUVcSOtkNWa58Gw5RfD4,Speed of Sound,Coldplay
2025-08-14,20:01:47,6ADSaE87h8Y3lccZlBJdXH,With Or Without You,U2
2025-08-14,19:48:20,3h4h7LYcudzLLRX2dJU6st,Africa,TOTO
2025-08-14,19:42:11,2374M0fQpWi3dLnB54qaLX,Africa,TOTO
2025-08-14,19:37:16,4s6LhHAV5SEsOV0lC2tjvJ,California Dreamin' - Single Version,The Mamas & The Papas
2025-08-14,19:34:33,5CRVwXGikmqzoRO6q7FeAg,If I Could Fly,One Direction
2025-08-14,19:30:44,56sxN1yKg1dgOZXBcAHkJG,"Gone, Gone, Gone",Phillip Phillips
2025-08-14,19:26:54,2pUpNOgJBIBCcjyQZQ00qU,Let Her Go,Passenger
2025-08-14,19:22:41,7CyPwkp0oE8Ro9Dd5CUDjW,"One Of The Girls (with JENNIE, Lily Rose Depp)",The Weeknd
2025-08-14,19:18:36,3eR23VReFzcdmS7TYCrhCe,It Ain't Me (with Selena Gomez),Kygo
2025-08-14,19:14:52,2LmwUKeGCJZUKHKwOrX3Xb,Hello - Remastered,Oasis
2025-08-14,15:19:11,2nvC4i2aMo4CzRjRflysah,In My Place,Coldplay
2025-08-14,15:15:23,6lFZbCc7pn6Lme1NP7qQqQ,You Can't Always Get What You Want,The Rolling Stones
2025-08-14,20:33:58,1nmwT930XXGwjccTSqkctl,Judgement Day,Stealth
2025-08-14,20:30:07,0iSWAT0EL8TwmzcgBjKMh6,What a Feeling,One Direction
2025-08-14,20:26:46,73jVPicY2G9YHmzgjk69ae,Robbers,The 1975
2025-08-14,20:22:31,7FMudQFEInauBuk4OP1yhT,"La Vie En Rose - From ""How I Met Your Mother: Season 9""",Cristin Milioti
2025-08-14,20:21:06,6PwjJ58I4t7Mae9xfZ9l9v,Somebody Told Me,The Killers
2025-08-14,20:17:46,4m0q0xQ2BNl9SCAGKyfiGZ,Somebody Else,The 1975
2025-08-17,10:00:57,1KgfeuVn5OlsBEtoEmBa1t,Live Forever,Oasis
2025-08-16,19:55:51,2x0RZdkZcD8QRI53XT4GI5,SOS (feat. Aloe Blacc),Avicii
2025-08-16,19:53:13,4wzt5Rrk3W98pHXAqutuJw,Talk,Coldplay
2025-08-16,19:48:02,39sDitIeCMrVX2QyXHY46t,Blue Hair,TV Girl
2025-08-16,19:44:26,5qEn8c0MBzyRKgQq91Vevi,Out of My League,Fitz and The Tantrums
2025-08-16,19:40:56,7pKfPomDEeI4TPT6EOYjn9,Imagine - Remastered 2010,John Lennon
2025-08-16,19:37:45,6TvxPS4fj4LUdjw2es4g21,Slipping Through My Fingers,ABBA
2025-08-16,19:33:51,0FTmksd2dxiE5e3rWyJXs6,back to friends,sombr
2025-08-16,19:30:32,2FRnf9qhLbvw8fu4IBXx78,Last Christmas,Wham!
2025-08-16,19:26:08,39jXnbACjiaiTwwhsr5sY5,Too Much To Ask,Niall Horan
2025-08-16,19:22:26,5enxwA8aAbwZbf5qCHORXi,All Too Well (10 Minute Version) (Taylor's Version) (From The Vault),Taylor Swift
2025-08-16,19:12:11,5fVZC9GiM4e8vu99W0Xf6J,How to Save a Life,The Fray
2025-08-16,19:07:48,2fuYa3Lx06QQJAm0MjztKr,Let Down,Radiohead
2025-08-16,19:02:48,1QFh8OH1e78dGd3VyJZCAC,Boys Don't Cry,The Cure
2025-08-16,19:00:12,6K8VQ84MqhsoakN5MjrnVR,Supercut,Lorde
2025-08-16,18:54:35,6XQHlsNu6so4PdglFkJQRJ,"City Of Stars - From ""La La Land"" Soundtrack",Ryan Gosling
2025-08-16,18:51:54,2gANywSFYF58YFMPdDSAjC,Stand by Me,Oasis
2025-08-16,18:45:57,5RgFlk1fcClZd0Y4SGYhqH,She's Always a Woman,Billy Joel
2025-08-16,18:42:21,1aXV8GrmQLvgoFtBPERP7E,Jealous,Eyedress
2025-08-16,18:40:04,5qqabIl2vWzo9ApSC317sa,Wonderwall - Remastered,Oasis
2025-08-16,18:35:32,3qhlB30KknSejmIvZZLjOD,End of Beginning,Djo
2025-08-16,18:32:52,3h4h7LYcudzLLRX2dJU6st,Africa,TOTO
2025-08-15,09:31:18,1hJ6KojJObbRvjuVj8Ezya,Paper Houses,Niall Horan
2025-08-17,20:56:53,5qqabIl2vWzo9ApSC317sa,Wonderwall - Remastered,Oasis
2025-08-17,20:52:35,05CNnC9ugYgnJgg6fIgyeQ,Roll with It - Remastered,Oasis
2025-08-17,20:49:15,2LmwUKeGCJZUKHKwOrX3Xb,Hello - Remastered,Oasis
2025-08-17,20:42:17,4J75gtiHYrdNid6ApUrmEy,Better Man,Oasis
2025-08-17,20:37:40,0muK9BAzu2TJXQgWPsEj6e,Separate Ways (Worlds Apart) - Bryce Miller/Alloy Tracks Remix,Journey
2025-08-17,20:34:58,4ym7kTn1i1OwSR33pmjZUx,Born On A Different Cloud,Oasis
2025-08-17,20:30:07,78BHYuPCnUBh9wlbNWTCqC,She Is Love,Oasis
2025-08-17,20:26:09,3toxe3JeHLa0DA2Rk0hrYF,(Probably) All In The Mind,Oasis
2025-08-17,20:21:54,0TMmIeQOO9Z6zN08YUIlNT,A Quick Peep,Oasis
2025-08-17,20:20:20,3tQFthLmtBuc0XPL2b8nnu,Little by Little,Oasis
2025-08-17,20:15:27,7yDh4GJAoiAJJg2lPaSt4X,Songbird,Oasis
2025-08-17,20:13:20,5YciOakY5dB5dULkiLdCaf,Stop Crying Your Heart Out,Oasis
2025-08-17,20:08:20,5dGeE7ASmCqBP44aipM3K8,Hung In A Bad Place,Oasis
2025-08-17,20:04:48,6IKHGC98Wml38sGXiFCQka,Force Of Nature,Oasis
2025-08-17,19:59:56,4r0KYf0DDzrUdr9NSwAXpm,The Hindu Times,Oasis
2025-08-17,19:56:09,5YciOakY5dB5dULkiLdCaf,Stop Crying Your Heart Out,Oasis
2025-08-17,19:46:50,1KgfeuVn5OlsBEtoEmBa1t,Live Forever,Oasis
2025-08-17,21:22:39,02ePjHjIiszSYqeLykvpTN,She's Electric - Remastered,Oasis
2025-08-17,21:18:59,6fnzVPHWtCxm4lxLyn5p4Q,Cast No Shadow - Remastered,Oasis
2025-08-17,21:13:37,15J419FaKaBT7bYJmpLDpf,Some Might Say - Remastered,Oasis
2025-08-17,21:09:38,24bxijgwUt0atHxfpHsH5A,The Swamp Song - Version 1 - Remastered,Oasis
2025-08-17,21:08:21,0zc2UcrURBMVTyV7J0wrAP,Hey Now - Remastered,Oasis
2025-08-17,21:01:58,0UvCh63URrLFcPkKt99hHd,Don't Look Back in Anger - Remastered,Oasis
2025-08-18,18:26:48,2MvvoeRt8NcOXWESkxWn3g,Ribs,Lorde
2025-08-18,18:22:24,5TbzAWWc5eJaANpA9kfGCd,Love Me Again,John Newman
2025-08-18,18:18:24,5YciOakY5dB5dULkiLdCaf,Stop Crying Your Heart Out,Oasis
2025-08-18,18:12:41,3UUTUsYZAAAkcWgkoxHvcu,The Swamp Song - Version 2 - Remastered,Oasis
2025-08-18,18:12:33,0awZMpokrVSdvtYe1MdcWM,Morning Glory - Remastered,Oasis
2025-08-18,11:32:19,0awZMpokrVSdvtYe1MdcWM,Morning Glory - Remastered,Oasis
2025-08-18,18:59:25,4i4ArYpqtsA3MJ1k0o2dxq,If I Had A Gun…,Noel Gallagher's High Flying Birds
2025-08-18,18:55:15,3d9DChrdc6BOeFsbrZ3Is0,Under the Bridge,Red Hot Chili Peppers
2025-08-18,18:50:50,4c6vZqYHFur11FbWATIJ9P,There She Goes,The La's
2025-08-18,18:48:07,60eVCXFCuw1WYswBuNZc4H,Jenny Was A Friend Of Mine,The Killers
2025-08-18,18:43:03,1ndGB6rvxKYN9seCYO1dTF,The Zephyr Song,Red Hot Chili Peppers
2025-08-18,18:36:04,6Yu1OL8I0D4vjOzYdsXYGK,12:51,The Strokes
2025-08-18,18:33:31,5YciOakY5dB5dULkiLdCaf,Stop Crying Your Heart Out,Oasis
2025-08-19,20:44:18,1KgfeuVn5OlsBEtoEmBa1t,Live Forever,Oasis
2025-08-19,20:38:32,0UvCh63URrLFcPkKt99hHd,Don't Look Back in Anger - Remastered,Oasis
2025-08-19,20:33:40,389QX9Q1eUOEZ19vtzzI9O,While My Guitar Gently Weeps - Remastered 2009,The Beatles
2025-08-19,20:28:55,6z1Xz89avh1KA7d3Ek7DQP,Half the World Away - Remastered,Oasis
2025-08-19,20:22:28,6s1lXoCa6EmIGnr0GrwcJp,The Boy with the Thorn in His Side - 2011 Remaster,The Smiths
2025-08-19,20:19:11,02ePjHjIiszSYqeLykvpTN,She's Electric - Remastered,Oasis
2025-08-19,20:15:29,4rsnPOEFqof5CDcfJKXYZB,Supersonic - Remastered,Oasis
2025-08-19,20:09:10,3KANrKOFYyAxfjQJHkgBdb,Smile Like You Mean It,The Killers
2025-08-19,20:05:16,1RP85mAmvJ8baqjP53kFJu,Hey Jude - 2015 Mix,The Beatles
2025-08-19,19:58:04,6L89mwZXSOwYl76YXfX13s,Basket Case,Green Day
2025-08-19,19:55:02,003vvx7Niy0yvhvHt4a68B,Mr. Brightside,The Killers
2025-08-19,19:49:32,70LcF31zb1H0PyJoS1Sx1r,Creep,Radiohead
2025-08-19,19:44:09,5YciOakY5dB5dULkiLdCaf,Stop Crying Your Heart Out,Oasis
2025-08-19,19:15:25,05CNnC9ugYgnJgg6fIgyeQ,Roll with It - Remastered,Oasis
2025-08-19,19:09:42,0gzqZ9d1jIKo9psEIthwXe,Beautiful Day,U2
2025-08-19,19:05:34,2AdRSHeYmDGMrgIfiS2w7K,Ask - 2011 Remaster,The Smiths
2025-08-19,19:02:15,7Jh1bpe76CNTCgdgAdBw4Z,Heroes - 2017 Remaster,David Bowie
2025-08-19,18:56:03,2gANywSFYF58YFMPdDSAjC,Stand by Me,Oasis
2025-08-19,18:24:37,2gANywSFYF58YFMPdDSAjC,Stand by Me,Oasis
2025-08-19,16:22:06,00bHxCcteaAJhU5WiP1mtf,Unakkenna Venum Sollu,Harris Jayaraj
2025-08-19,16:22:06,4Bsf8Pzli5MQv9zLF9KXqc,Unakkul Naane,Harris Jayaraj
2025-08-19,16:22:06,4shmzSwbjpKUIlNhxzlVeC,Kadhal Sadugudu,S.P. Charan
2025-08-19,16:22:06,4NQBqInyE7zvjIiP4j1dmy,Sirikkadhey,Anirudh Ravichander
2025-08-19,16:22:06,2WO5nzB7QtKn9ZRc9Jkalt,Annul Maelae,Harris Jayaraj
2025-08-19,16:22:05,6aACwXDIHQXIP097DT8WfE,Chillena,G. V. Prakash
2025-08-19,16:22:05,3YRj4jmwois2ctPnhwSwFo,Vaseegara,Bombay Jayashri
2025-08-19,16:22:05,3RVKJOoIVKXicFvNO7b2iK,Aaruyire,A.R. Rahman
2025-08-19,16:22:03,7hMKAmUlUUYa5qEiHWK4bk,Pookkal Pookkum,G. V. Prakash
2025-08-19,16:22:03,1UIsVy7GHFKyxIDDDTVSCH,Yennodu Vaa Vaa,Ilaiyaraaja
2025-08-19,16:22:03,3qhlB30KknSejmIvZZLjOD,End of Beginning,Djo
2025-08-19,16:22:03,6K8VQ84MqhsoakN5MjrnVR,Supercut,Lorde
2025-08-19,16:22:02,56xHMIfQPoe0prrSi3BGhf,Can’t Catch Me Now - from The Hunger Games: The Ballad of Songbirds & Snakes,Olivia Rodrigo
2025-08-19,16:22:02,1JSTJqkT5qHq8MDJnJbRE1,Every Breath You Take,The Police
2025-08-19,16:22:01,5RgFlk1fcClZd0Y4SGYhqH,She's Always a Woman,Billy Joel
2025-08-19,16:22:00,1UIsVy7GHFKyxIDDDTVSCH,Yennodu Vaa Vaa,Ilaiyaraaja
2025-08-19,16:22:00,2FEOW0RtOrgrhOn4N0DFzy,O Crazy Minnal,Andrea Jeremiah
2025-08-19,16:22:00,7lnRiEP7BHXuILXNY9MH8f,Otha Sollaala,G. V. Prakash
2025-08-19,16:22:00,19O4hCGGm95UhvIyhwnNT5,"Thooriga - From ""Navarasa""",Karthik
2025-08-19,16:21:59,6R05n6BoyHIRhsOEUav5q5,Munbe Vaa,Naresh Iyer
2025-08-19,16:21:59,2109dBho14Lqh2wr8goqAP,Enna Solla - The New Life of Tamizh,Anirudh Ravichander
2025-08-19,16:21:59,1AbSrAwrzuC3FcDXoYi3ED,Naan Nee,Santhosh Narayanan
2025-08-19,16:21:59,3FRLxtpSk9BxxnxdS6I4jq,Iragai Poley,Yuvan Shankar Raja
2025-08-19,16:21:59,0Ps7lWZdj1NAuyAVumclyC,Adhaaru Adhaaru,Harris Jayaraj
2025-08-19,16:21:59,0XKkWw4sw1VmFlfX8mR1Fk,Rendu Kaadhal,Anirudh Ravichander
2025-08-19,16:21:58,2vlR5QFDv26aIctbUDK6jj,"Aga Naga (From ""Ponniyin Selvan Part-2"")",A.R. Rahman
2025-08-19,16:21:55,1QuZBM0iHDlr1oRVyeZypC,Anbil Avan,A.R. Rahman
2025-08-19,16:21:54,2uqXfUERVBLa1heEoUTBlO,Thuli Thuli,Yuvan Shankar Raja
2025-08-19,16:21:54,4fOd87EwMLT1YlIKas0Zz3,Oxygen,Hiphop Tamizha
2025-08-19,16:21:54,6dZCuf6SGn2rh9q94JBLlv,Idhu Varai,Yuvan Shankar Raja
2025-08-19,16:21:54,1f8qyYxGtcBkFfB6jDK0C2,Naani Koni,Harris Jayaraj
2025-08-19,20:58:17,6CltzquypraYIlWFp48m1O,Hypersonic Missiles,Sam Fender
2025-08-19,20:54:19,01q4ccXbvPlCwZ1fPiFaeM,Girlfriend in a Coma - 2011 Remaster,The Smiths
2025-08-19,20:52:17,0WQiDwKJclirSYG9v5tayI,There Is a Light That Never Goes Out - 2011 Remaster,The Smiths
2025-08-19,20:49:08,5vollujufHY0jMZxx77VWr,All These Things That I've Done,The Killers
2025-08-23,20:10:39,05CNnC9ugYgnJgg6fIgyeQ,Roll with It - Remastered,Oasis
2025-08-23,19:06:31,49MHCPzvMLXhRjDantBMVH,Just the Way You Are,Billy Joel
2025-08-23,19:00:41,7aSSsHnGQ54rbMZpXApmtU,Stand by Me,Oasis
2025-08-23,18:54:41,4bvi8n8Xa2kX0UG02cvuE9,Married with Children - Remastered,Oasis
2025-08-22,20:06:57,66SlZtHkSoBox40vKlgjNh,En Vizhiyin Kanavu,Gopi Sundar
2025-08-22,20:06:49,6aACwXDIHQXIP097DT8WfE,Chillena,G. V. Prakash
2025-08-22,20:06:48,1HNSUQPFhmGDJyHxyIsYXG,Manjal Veyil,Harris Jayaraj
2025-08-22,20:06:48,42ON67EVCaJpihkP2U38n7,Saarattu Vandiyila,A.R. Rahman
2025-08-22,20:06:48,7dFqLUWUZ7CKsEAFwf3d4H,Yaaro Manathile,Harris Jayaraj
2025-08-22,20:06:48,7mMkw0JFKnyMS6oGRT6b3O,Mannipaaya,A.R. Rahman
2025-08-22,20:06:48,09Z6o1yu596HJAwWZxTz4m,Othaiyadi Pathayila,Dhibu Ninan Thomas
2025-08-22,20:06:48,3QjFIgGhcrPS4VjkIYOddf,Sirukki Vaasam,Santhosh Narayanan
2025-08-22,20:06:48,2h5UfY3Mt4fkbysxYkhGpG,VIP Title Song,Anirudh Ravichander
2025-08-22,20:06:47,2uMh5DHeh70RoQ572k5oPI,Anbe En Anbe,Harris Jayaraj
2025-08-22,20:06:46,30ymNSV9O4RD3XV24dVOwj,Naan Maati Konden,Gopi Sundar
2025-08-22,20:06:46,1MK6FCp06aF4wYkL0ggztn,"Velicha Poove (From ""Ethir Neechal"")",Anirudh Ravichander
2025-08-22,20:06:45,3S4ELYAcxunw60elgJwAwn,Maalai Neram,G. V. Prakash
2025-08-22,20:06:45,45K3uOEsbrE2Jkegqiu9sm,Newyork Nagaram,A.R. Rahman
2025-08-22,20:06:45,5UOFLYC30Ajp7woaZUHgw0,"Yaar Indha Saalai Oram (From ""Thalaivaa"")",G. V. Prakash
2025-08-22,20:06:43,4Bsf8Pzli5MQv9zLF9KXqc,Unakkul Naane,Harris Jayaraj
2025-08-22,20:06:43,4QROxOGtSMviE3NydK7Hpo,"Yennai Maatrum Kadhale (From ""Naanum Rowdy Dhaan"")",Anirudh Ravichander
2025-08-22,20:06:43,5bcA1tKUgH4TKCxV3l7KfJ,Karu Karu,Harris Jayaraj
2025-08-22,20:06:42,23bpCCVsTUKviTEfoy4tbM,Idhayathai Yedho Ondru,Harris Jayaraj
2025-08-22,20:06:42,5LqT9B52dzjMBqeS48n9hQ,Mei Nigara,A.R. Rahman
2025-08-22,20:06:42,0OvT7NWqkjxgAQIdt7IpM0,Google Google,Vijay
2025-08-22,20:06:41,5RebYkboApCX2DID83Lm2H,"Bodhai Kodhai - From ""Ondraga Originals""",Karthik
2025-08-22,20:06:39,4r0KYf0DDzrUdr9NSwAXpm,The Hindu Times,Oasis
2025-08-22,13:54:26,5qqabIl2vWzo9ApSC317sa,Wonderwall - Remastered,Oasis
2025-08-22,13:49:29,4r0KYf0DDzrUdr9NSwAXpm,The Hindu Times,Oasis
2025-08-22,13:39:28,4Bsf8Pzli5MQv9zLF9KXqc,Unakkul Naane,Harris Jayaraj
2025-08-22,08:45:27,4r0KYf0DDzrUdr9NSwAXpm,The Hindu Times,Oasis
2025-08-22,08:45:25,3h4h7LYcudzLLRX2dJU6st,Africa,TOTO
2025-08-22,08:45:25,2fuYa3Lx06QQJAm0MjztKr,Let Down,Radiohead
2025-08-21,06:13:54,3Tgv4rvWBVwnbmUTlJwzk0,Do I Wanna Know? - Live At the BBC,Hozier
2025-08-21,05:03:37,4giCxIFPZNQIP4bIZM4sqH,Army of One,Coldplay
2025-08-21,04:55:30,7FMudQFEInauBuk4OP1yhT,"La Vie En Rose - From ""How I Met Your Mother: Season 9""",Cristin Milioti
2025-08-21,04:53:59,7iPlcFvOMOzt6v0QvcAueZ,I Always Wanna Die (Sometimes),The 1975
2025-08-21,04:36:11,4r0KYf0DDzrUdr9NSwAXpm,The Hindu Times,Oasis
2025-08-21,04:22:59,3h4h7LYcudzLLRX2dJU6st,Africa,TOTO
2025-08-20,20:26:38,0pJW1Xw3aY4Eh6k5iuBkfI,I Know The End,Phoebe Bridgers
2025-08-20,20:18:56,0pJW1Xw3aY4Eh6k5iuBkfI,I Know The End,Phoebe Bridgers
2025-08-20,20:12:29,4Bsf8Pzli5MQv9zLF9KXqc,Unakkul Naane,Harris Jayaraj
2025-08-20,20:10:03,4Bsf8Pzli5MQv9zLF9KXqc,Unakkul Naane,Harris Jayaraj
2025-08-20,20:07:55,5YciOakY5dB5dULkiLdCaf,Stop Crying Your Heart Out,Oasis
2025-08-20,16:13:53,73jVPicY2G9YHmzgjk69ae,Robbers,The 1975
2025-08-20,10:26:09,4U45aEWtQhrm8A5mxPaFZ7,Vienna,Billy Joel
2025-08-20,10:26:01,5GbVzc6Ex5LYlLJqzRQhuy,Mystery of Love,Sufjan Stevens
2025-08-20,10:26:01,6qZoQsBTQW2tix6KViDC7F,Don't Look Back in Anger,Oasis
2025-08-20,10:26:00,102YVYHLNfgkfQP3qvDqsD,Koodamela Koodavechi,D. Imman
2025-08-19,21:03:08,57iDDD9N9tTWe75x6qhStw,Bitter Sweet Symphony - Remastered 2016,The Verve
2025-08-25,22:40:41,3h4h7LYcudzLLRX2dJU6st,Africa,TOTO
2025-08-25,22:35:45,25FTMokYEbEWHEdss5JLZS,Teenage Dirtbag,Wheatus
2025-08-25,22:32:46,4r0KYf0DDzrUdr9NSwAXpm,The Hindu Times,Oasis
2025-08-25,22:28:15,5CZ40GBx1sQ9agT82CLQCT,traitor,Olivia Rodrigo
2025-08-25,22:21:36,70C4NyhjD5OZUMzvWZ3njJ,Piano Man,Billy Joel
2025-08-25,22:15:48,5bcA1tKUgH4TKCxV3l7KfJ,Karu Karu,Harris Jayaraj
2025-08-25,22:12:11,5RgFlk1fcClZd0Y4SGYhqH,She's Always a Woman,Billy Joel
2025-08-25,22:08:50,6K8VQ84MqhsoakN5MjrnVR,Supercut,Lorde
2025-08-25,22:04:12,5YciOakY5dB5dULkiLdCaf,Stop Crying Your Heart Out,Oasis
2025-08-25,21:58:57,7h6lpVuSGPW6RNjDXKpYDh,The Sound,The 1975
2025-08-25,21:54:47,6SrvijeageGUiFu9iCDdmM,Me & You Together Song,The 1975
2025-08-25,21:51:26,3TgMcrV32NUKjEG2ujn9eh,It's Not Living (If It's Not With You),The 1975
2025-08-25,21:47:11,2DnJjbjNTV9Nd5NOa1KGba,You're So Vain,Carly Simon
2025-08-25,21:42:52,3ySU5vwQB33iGulwcUL9qQ,Don't Take The Money,Bleachers
2025-08-25,21:39:16,1JSTJqkT5qHq8MDJnJbRE1,Every Breath You Take,The Police
2025-08-25,21:35:03,3S4ELYAcxunw60elgJwAwn,Maalai Neram,G. V. Prakash
2025-08-25,21:26:46,2MvvoeRt8NcOXWESkxWn3g,Ribs,Lorde
2025-08-25,21:22:27,5L95vS64rG1YMIFm1hLjyZ,Rollercoaster,Bleachers
2025-08-25,21:19:17,1BwhFXqoIsePt21WyWIttb,I Wanna Get Better,Bleachers
2025-08-25,21:15:52,56xHMIfQPoe0prrSi3BGhf,Can’t Catch Me Now - from The Hunger Games: The Ballad of Songbirds & Snakes,Olivia Rodrigo
2025-08-25,21:12:26,09Z6o1yu596HJAwWZxTz4m,Othaiyadi Pathayila,Dhibu Ninan Thomas
2025-08-25,21:08:16,2fuYa3Lx06QQJAm0MjztKr,Let Down,Radiohead
2025-08-25,21:03:16,4U45aEWtQhrm8A5mxPaFZ7,Vienna,Billy Joel
2025-08-25,20:59:52,4Bsf8Pzli5MQv9zLF9KXqc,Unakkul Naane,Harris Jayaraj
2025-08-25,20:57:48,2RdEC8Ff83WkX7kDVCHseE,party 4 u,Charli xcx
2025-08-25,20:52:50,4Bsf8Pzli5MQv9zLF9KXqc,Unakkul Naane,Harris Jayaraj
2025-08-25,20:44:32,0pJW1Xw3aY4Eh6k5iuBkfI,I Know The End,Phoebe Bridgers
2025-08-25,20:38:25,4r0KYf0DDzrUdr9NSwAXpm,The Hindu Times,Oasis
2025-08-25,20:30:55,3h4h7LYcudzLLRX2dJU6st,Africa,TOTO
2025-08-25,19:53:08,4Bsf8Pzli5MQv9zLF9KXqc,Unakkul Naane,Harris Jayaraj
2025-08-25,19:53:06,7h6lpVuSGPW6RNjDXKpYDh,The Sound,The 1975
2025-08-25,19:53:06,2RdEC8Ff83WkX7kDVCHseE,party 4 u,Charli xcx
2025-08-25,19:53:06,1BwhFXqoIsePt21WyWIttb,I Wanna Get Better,Bleachers
2025-08-25,19:53:06,12g9IeQzX7xECLNxz8dpb5,I'm In Love With You,The 1975
2025-08-25,19:53:06,6SrvijeageGUiFu9iCDdmM,Me & You Together Song,The 1975
2025-08-25,19:53:06,1jJci4qxiYcOHhQR247rEU,Kids,MGMT
2025-08-25,19:53:06,2MvvoeRt8NcOXWESkxWn3g,Ribs,Lorde
2025-08-25,19:53:06,6K8VQ84MqhsoakN5MjrnVR,Supercut,Lorde
2025-08-25,19:53:06,52ojopYMUzeNcudsoz7O9D,"New Person, Same Old Mistakes",Tame Impala
2025-08-25,19:53:06,5GbVzc6Ex5LYlLJqzRQhuy,Mystery of Love,Sufjan Stevens
2025-08-25,19:53:06,4Bsf8Pzli5MQv9zLF9KXqc,Unakkul Naane,Harris Jayaraj
2025-08-25,19:53:06,70C4NyhjD5OZUMzvWZ3njJ,Piano Man,Billy Joel
2025-08-25,19:53:06,3TgMcrV32NUKjEG2ujn9eh,It's Not Living (If It's Not With You),The 1975
2025-08-25,19:53:05,4Bsf8Pzli5MQv9zLF9KXqc,Unakkul Naane,Harris Jayaraj
2025-08-25,19:53:05,7tF0g57CG25Ew3GX7wa67l,Smoke And Mirrors,Gotye
2025-08-25,19:53:05,5CZ40GBx1sQ9agT82CLQCT,traitor,Olivia Rodrigo
2025-08-25,19:53:05,3S4ELYAcxunw60elgJwAwn,Maalai Neram,G. V. Prakash
2025-08-25,19:53:05,4Bsf8Pzli5MQv9zLF9KXqc,Unakkul Naane,Harris Jayaraj
2025-08-25,19:53:05,45K3uOEsbrE2Jkegqiu9sm,Newyork Nagaram,A.R. Rahman
2025-08-25,19:53:05,7brQHA2CgQpcMBiOlfiXYb,Afraid,The Neighbourhood
2025-09-03,18:14:05,09Z6o1yu596HJAwWZxTz4m,Othaiyadi Pathayila,Dhibu Ninan Thomas
2025-09-03,18:09:54,7brQHA2CgQpcMBiOlfiXYb,Afraid,The Neighbourhood
2025-09-03,18:06:12,2tznHmp70DxMyr2XhWLOW0,Cigarette Daydreams,Cage The Elephant
2025-09-03,18:03:45,3TgMcrV32NUKjEG2ujn9eh,It's Not Living (If It's Not With You),The 1975
2025-09-03,17:51:13,0TFTAtCYhp2tQ9KcJIZb55,undressed,sombr
2025-09-03,17:48:10,3ySU5vwQB33iGulwcUL9qQ,Don't Take The Money,Bleachers
2025-09-03,17:44:34,1BwhFXqoIsePt21WyWIttb,I Wanna Get Better,Bleachers
2025-09-03,17:41:09,4Bsf8Pzli5MQv9zLF9KXqc,Unakkul Naane,Harris Jayaraj
2025-09-03,16:21:40,55sjufBuTu8NCsi6D7RBOb,Peela Peela,Anirudh Ravichander
2025-09-03,16:21:40,5LqT9B52dzjMBqeS48n9hQ,Mei Nigara,A.R. Rahman
2025-09-03,16:12:33,50cVjabUOrghvK6QAXp7YU,Naana Thaana,Anirudh Ravichander
2025-09-03,16:07:35,55sjufBuTu8NCsi6D7RBOb,Peela Peela,Anirudh Ravichander
2025-09-03,14:40:49,1fDsrQ23eTAVFElUMaf38X,American Pie,Don McLean
2025-09-02,23:17:04,3S4ELYAcxunw60elgJwAwn,Maalai Neram,G. V. Prakash
2025-09-02,22:23:05,4Bsf8Pzli5MQv9zLF9KXqc,Unakkul Naane,Harris Jayaraj
2025-09-02,22:18:50,7mMkw0JFKnyMS6oGRT6b3O,Mannipaaya,A.R. Rahman
2025-09-02,21:54:35,3kvvKv05CVHBVlbdCtERyL,"Nijamellam Maranthupochu (From ""Ethir Neechal"")",Anirudh Ravichander
2025-09-02,21:50:46,45K3uOEsbrE2Jkegqiu9sm,Newyork Nagaram,A.R. Rahman
2025-09-02,21:40:36,4Bsf8Pzli5MQv9zLF9KXqc,Unakkul Naane,Harris Jayaraj
2025-09-02,18:42:58,0awZMpokrVSdvtYe1MdcWM,Morning Glory - Remastered,Oasis
2025-09-02,18:26:30,2a1iMaoWQ5MnvLFBDv4qkf,High and Dry,Radiohead
2025-09-02,18:22:12,7yDh4GJAoiAJJg2lPaSt4X,Songbird,Oasis
2025-09-02,18:20:04,6dUfUi14QkuIpGA0GFFPyC,Supersonic - Remastered,Oasis
2025-09-02,18:14:30,0zc2UcrURBMVTyV7J0wrAP,Hey Now - Remastered,Oasis
2025-09-02,18:08:00,4bvi8n8Xa2kX0UG02cvuE9,Married with Children - Remastered,Oasis
2025-09-02,18:00:36,5qqabIl2vWzo9ApSC317sa,Wonderwall - Remastered,Oasis
2025-09-02,17:56:17,4CWgqHRJjDLd2PCedMz8eY,Waterfall - Remastered 2009,The Stone Roses
2025-09-02,17:51:37,0UvCh63URrLFcPkKt99hHd,Don't Look Back in Anger - Remastered,Oasis
2025-09-02,17:46:47,0nOF9ewQlwzVU0qKPR2DTq,Live Forever - Remastered,Oasis
2025-09-02,17:42:10,6z1Xz89avh1KA7d3Ek7DQP,Half the World Away - Remastered,Oasis
2025-09-02,17:35:21,55sjufBuTu8NCsi6D7RBOb,Peela Peela,Anirudh Ravichander
2025-09-02,17:35:02,55sjufBuTu8NCsi6D7RBOb,Peela Peela,Anirudh Ravichander
2025-09-02,17:26:19,5LqT9B52dzjMBqeS48n9hQ,Mei Nigara,A.R. Rahman
2025-09-02,17:17:38,5bcA1tKUgH4TKCxV3l7KfJ,Karu Karu,Harris Jayaraj
2025-09-02,17:14:03,0pJW1Xw3aY4Eh6k5iuBkfI,I Know The End,Phoebe Bridgers
2025-09-02,17:12:11,0pJW1Xw3aY4Eh6k5iuBkfI,I Know The End,Phoebe Bridgers
2025-09-02,15:56:29,5RgFlk1fcClZd0Y4SGYhqH,She's Always a Woman,Billy Joel
2025-09-02,15:53:10,6z1Xz89avh1KA7d3Ek7DQP,Half the World Away - Remastered,Oasis
2025-09-02,15:48:39,5LqT9B52dzjMBqeS48n9hQ,Mei Nigara,A.R. Rahman
2025-09-02,15:46:39,55sjufBuTu8NCsi6D7RBOb,Peela Peela,Anirudh Ravichander
2025-09-02,15:39:37,50cVjabUOrghvK6QAXp7YU,Naana Thaana,Anirudh Ravichander
2025-09-02,15:35:33,6SrvijeageGUiFu9iCDdmM,Me & You Together Song,The 1975
2025-09-02,13:44:46,56xHMIfQPoe0prrSi3BGhf,Can’t Catch Me Now - from The Hunger Games: The Ballad of Songbirds & Snakes,Olivia Rodrigo
2025-09-02,13:41:20,5L95vS64rG1YMIFm1hLjyZ,Rollercoaster,Bleachers
2025-09-02,13:40:12,2g2E02GUkGyzQ1oqJsKaVE,"Engeyum Kaadhal - From ""Engeyum Kadhal""",Harris Jayaraj
2025-09-02,13:38:10,2fuYa3Lx06QQJAm0MjztKr,Let Down,Radiohead
2025-09-02,13:34:59,1JSTJqkT5qHq8MDJnJbRE1,Every Breath You Take,The Police
2025-09-02,11:24:04,2MvvoeRt8NcOXWESkxWn3g,Ribs,Lorde
2025-09-02,11:13:01,4r0KYf0DDzrUdr9NSwAXpm,The Hindu Times,Oasis
2025-09-02,11:06:43,4Bsf8Pzli5MQv9zLF9KXqc,Unakkul Naane,Harris Jayaraj
